,obs_basal_area_mean,obs_basal_area_std,obs_nplant_mean,inCO2_basal_area_mean,inCO2_nplant_mean,exCO2_basal_area_mean,exCO2_nplant_mean
$\geq$1cm,30.39,5.7,1609.0,,,,
$\geq$10cm,28.64,5.7,438.0,29.97315170057118,277.39160845233835,24.811642456799746,262.0154534937077
$\geq$30cm,20.33,5.43,83.0,24.56293146001796,87.4495714447221,20.163987174630165,84.4348695075799
$\geq$100cm,5.57,4.46,5.6,5.951301554838817,6.672192394034937,2.9365957180658975,3.418555425014347
